{
  "type": "minecraft:entity",
  "pools": [
    {
      "bonus_rolls": 0.0,
      "entries": [
        {
          "type": "minecraft:item",
          "functions": [
            {
              "add": false,
              "count": {
                "type": "minecraft:uniform",
                "max": 2.0,
                "min": 0.0
              },
              "function": "minecraft:set_count"
            },
            {
              "count": {
                "type": "minecraft:uniform",
                "max": 1.0,
                "min": 0.0
              },
              "enchantment": "minecraft:looting",
              "function": "minecraft:enchanted_count_increase"
            }
          ],
          "name": "minecraft:gunpowder"
        }
      ],
      "rolls": 1.0
    },
    {
      "bonus_rolls": 0.0,
      "conditions": [
        {
          "condition": "minecraft:entity_properties",
          "entity": "attacker",
          "predicate": {
            "type": "#minecraft:skeletons"
          }
        }
      ],
      "entries": [
        {
          "type": "minecraft:tag",
          "expand": true,
          "name": "minecraft:creeper_drop_music_discs"
        },
        {
          "type": "minecraft:item",
          "weight": 12,
          "functions": [
            {
              "function": "set_components",
              "components": {
                "minecraft:item_name": "{'text':'Quack Disc'}",
                "minecraft:custom_model_data": 123,
                "minecraft:jukebox_playable": {
                  "song": "custom_records:quack1_record",
                  "show_in_tooltip": true
                }
              }
            }
          ],
          "name": "minecraft:music_disc_5"
        },
        {
          "type": "minecraft:item",
          "weight": 12,
          "functions": [
            {
              "function": "set_components",
              "components": {
                "minecraft:item_name": "{'text':'Disc of Quacks'}",
                "minecraft:custom_model_data": 321,
                "minecraft:jukebox_playable": {
                  "song": "custom_records:quack2_record",
                  "show_in_tooltip": true
                }
              }
            }
          ],
          "name": "minecraft:music_disc_5"
        }
      ],
      "rolls": 1.0
    }
  ],
  "random_sequence": "minecraft:entities/creeper"
}