{
  "type": "minecraft:crafting_shapeless",
  "category": "misc",
  "ingredients": [
    {
      "item": "minecraft:feather"
    },
    {
      "tag": "minecraft:creeper_drop_music_discs"
    }
  ],
  "result": {
    "count": 1,
    "id": "minecraft:music_disc_5",
    "components": {
      "minecraft:item_name": "{'text':'Quack Disc'}",
      "minecraft:custom_model_data": 123,
      "minecraft:jukebox_playable": {
        "song": "custom_records:quack1_record",
        "show_in_tooltip": true
      }
    }
  }
}